sample,sub_sample,popper_time_sec,train_precision,train_recall,tp,fn,tn,fp,rules,size,test_precision,test_recall,test_f1
1,1,325,1.00,0.98,838,14,846,0,6,62,0.9333333333333333,0.9882352941176471,0.96
1,2,358,1.00,0.97,800,21,819,0,5,51,0.9333333333333333,0.9882352941176471,0.96
1,3,1681,1.00,0.91,799,82,873,0,4,46,1.0,0.9554655870445344,0.9772256728778468
